label,precision,recall,f1-score,support
anat,0.9973536222295732,0.9996684350132626,0.9985096870342772,3016.0
dwi,0.9997851310700473,0.9995703544575725,0.999677731227844,4655.0
fmap,0.9487179487179487,0.8409090909090909,0.891566265060241,44.0
func,1.0,1.0,1.0,5.0
perf,0.9932795698924731,0.9919463087248322,0.9926124916051041,745.0
accuracy,0.9981098641464855,0.9981098641464855,0.9981098641464855,0.9981098641464855
macro avg,0.9878272543820085,0.9664188378209516,0.9764732349854933,8465.0
weighted avg,0.998080942597631,0.9981098641464855,0.9980780008115117,8465.0
