label,precision,recall,f1-score,support
anat,0.9983131852684847,0.9985939257592801,0.9984535357795585,3556.0
dwi,0.9990766389658357,1.0,0.9995381062355658,5410.0
fmap,0.9230769230769231,0.75,0.8275862068965517,64.0
func,0.25,1.0,0.4,1.0
perf,0.9891067538126361,0.9923497267759562,0.9907255864702673,915.0
accuracy,0.9971847979087071,0.9971847979087071,0.9971847979087071,0.9971847979087071
macro avg,0.8319147002247759,0.9481887305070472,0.8432606870763888,9946.0
weighted avg,0.9973221301463291,0.9971847979087071,0.9971728691763719,9946.0
