target,split,model,weighted_training,rows,classes_in_train,accuracy,balanced_accuracy,f1_macro,auc_macro_ovr,log_loss,top2_accuracy,top3_accuracy
inferred_joint_label,test,xgboost_depth6,True,11622,28,0.9950591868244982,0.7983118205129269,0.7842297991314253,0.999256709527562,0.015918665608871226,0.9988677303139475,0.9992794647452393
inferred_joint_label,val,xgboost_depth6,True,9773,28,0.9958047682390259,0.8464174558057858,0.8383205404423325,0.999809712670219,0.018380772183220248,0.9988744500153484,0.9994883863706129
